{
    "Settings": {
      "TimecodeConfig": {
        "Source": "ZEROBASED"
      },
      "OutputGroups": [
        {
          "CustomName": "final",
          "Name": "File Group",
          "Outputs": [
            {
              "ContainerSettings": {
                "Container": "MP4",
                "Mp4Settings": {}
              },
              "VideoDescription": {
                "CodecSettings": {
                  "Codec": "H_264",
                  "H264Settings": {
                    "MaxBitrate": 10000000,
                    "RateControlMode": "QVBR",
                    "SceneChangeDetect": "TRANSITION_DETECTION"
                  }
                }
              },
              "AudioDescriptions": [
                {
                  "CodecSettings": {
                    "Codec": "AAC",
                    "AacSettings": {
                      "Bitrate": 96000,
                      "CodingMode": "CODING_MODE_2_0",
                      "SampleRate": 48000
                    }
                  }
                }
              ],
              "NameModifier": "highlight"
            }
          ],
          "OutputGroupSettings": {
            "Type": "FILE_GROUP_SETTINGS",
            "FileGroupSettings": {
              "Destination": "xxx"
            }
          }
        }
      ],
      "Inputs": [
        
      ]
    },
    "AccelerationSettings": {
      "Mode": "DISABLED"
    },
    "StatusUpdateInterval": "SECONDS_60",
    "Priority": 0
  }